Feature,Importance
Platform,0.0012080536912751677
ProductName,0.0015436241610738255
HasTpm,0.004295302013422818
Census_ProcessorManufacturerIdentifier,0.0077181208053691275
Census_IsAlwaysOnAlwaysConnectedCapable,0.011006711409395973
Census_IsVirtualDevice,0.015503355704697987
Firewall,0.017919463087248323
Census_IsPenCapable,0.018859060402684563
IsProtected,0.019664429530201342
IsSxsPassiveMode,0.019731543624161074
Census_OSArchitecture,0.024026845637583893
AVProductsEnabled,0.028187919463087248
Census_OSBuildNumber,0.030604026845637584
Processor,0.033758389261744966
Census_FlightRing,0.0438255033557047
OsSuite,0.04463087248322148
Census_IsTouchEnabled,0.052684563758389265
Census_HasOpticalDiskDrive,0.05389261744966443
RtpStateBitfield,0.06026845637583893
Census_PowerPlatformRoleName,0.0776510067114094
Census_GenuineStateName,0.11013422818791946
Census_IsSecureBootEnabled,0.11530201342281879
AvSigVersion1,0.12543624161073824
SkuEdition,0.12731543624161074
OsBuild,0.12973154362416106
Census_PrimaryDiskTypeName,0.1467785234899329
Wdft_IsGamer,0.1836241610738255
AVProductsInstalled,0.23288590604026846
OsPlatformSubRelease,0.25604026845637584
Census_MDC2FormFactor,0.25724832214765103
Census_ActivationChannel,0.2732214765100671
EngineVersion,0.3414765100671141
Census_InternalPrimaryDisplayResolutionVertical,0.3631543624161074
Census_ProcessorCoreCount,0.41966442953020133
Display_ScreenResolution_MPixels,0.43791946308724833
Census_InternalPrimaryDisplayResolutionHorizontal,0.4387919463087248
Display_Ratio,0.482751677852349
Census_OSBranch,0.48308724832214767
Census_ChassisTypeName,0.5125503355704698
Census_OSWUAutoUpdateOptionsName,0.5745637583892618
Census_OSEdition,0.6195973154362416
SmartScreen,0.7771140939597315
IeVerIdentifier,0.7826174496644295
OsBuildLab,0.956979865771812
OrganizationIdentifier,1.00248322147651
Census_OSUILocaleIdentifier,1.0539597315436242
Census_TotalPhysicalRAM,1.070268456375839
Census_OSInstallLanguageIdentifier,1.177785234899329
Census_InternalBatteryNumberOfCharges,1.2447651006711409
Census_FirmwareManufacturerIdentifier,1.4208053691275169
Census_PrimaryDiskTotalCapacity,1.4433557046979866
AppVersion,1.5318120805369126
Census_OSInstallTypeName,1.5953691275167785
Wdft_RegionIdentifier,1.7824161073825504
Census_OEMNameIdentifier,2.0636912751677854
Census_InternalPrimaryDiagonalDisplaySizeInInches,2.293221476510067
AVProductStatesIdentifier,2.340536912751678
LocaleEnglishNameIdentifier,2.9006040268456377
Census_OSVersion,2.9759060402684563
Display_DiagonalResolutionPerInch,3.151744966442953
GeoNameIdentifier,3.28006711409396
Census_OSBuildRevision,3.6678523489932884
CountryIdentifier,4.195771812080537
Census_OEMModelIdentifier,5.344093959731544
Census_SystemVolumeTotalCapacity,5.524362416107382
CapacityRatio_PrimaryDisk_SystemVolume,6.021006711409396
Census_FirmwareVersionIdentifier,6.027315436241611
Census_ProcessorModelIdentifier,6.1173154362416104
AvSigVersion,6.572751677852349
AvSigVersion2,7.122080536912752
CityIdentifier,7.363691275167786
